date,bitcoin_unscaled,bitcoin_monthly,isPartial,scale,bitcoin
2017-02-01,71,,,0,
2017-02-02,71,,,0,
2017-02-03,77,,,0,
2017-02-04,70,,,0,
2017-02-05,62,3,FALSE,0.03,1.86
2017-02-06,65,3,,0.03,1.95
2017-02-07,65,3,,0.03,1.95
2017-02-08,73,3,,0.03,2.19
2017-02-09,77,3,,0.03,2.31
2017-02-10,74,3,,0.03,2.22
2017-02-11,65,3,,0.03,1.95
2017-02-12,60,2,FALSE,0.02,1.2
2017-02-13,63,2,,0.02,1.26
2017-02-14,57,2,,0.02,1.14
2017-02-15,57,2,,0.02,1.14
2017-02-16,63,2,,0.02,1.26
2017-02-17,56,2,,0.02,1.12
2017-02-18,62,2,,0.02,1.24
2017-02-19,55,3,FALSE,0.03,1.65
2017-02-20,54,3,,0.03,1.62
2017-02-21,78,3,,0.03,2.34
2017-02-22,71,3,,0.03,2.13
2017-02-23,86,3,,0.03,2.58
2017-02-24,100,3,,0.03,3
2017-02-25,76,3,,0.03,2.28
2017-02-26,66,4,FALSE,0.04,2.64
2017-02-27,70,4,,0.04,2.8
2017-02-28,76,4,,0.04,3.04
2017-03-01,46,4,,0.04,1.84
2017-03-02,73,4,,0.04,2.92
2017-03-03,78,4,,0.04,3.12
2017-03-04,59,4,,0.04,2.36
2017-03-05,50,4,FALSE,0.04,2
2017-03-06,56,4,,0.04,2.24
2017-03-07,57,4,,0.04,2.28
2017-03-08,56,4,,0.04,2.24
2017-03-09,54,4,,0.04,2.16
2017-03-10,100,4,,0.04,4
2017-03-11,75,4,,0.04,3
2017-03-12,56,3,FALSE,0.03,1.68
2017-03-13,53,3,,0.03,1.59
2017-03-14,47,3,,0.03,1.41
2017-03-15,50,3,,0.03,1.5
2017-03-16,52,3,,0.03,1.56
2017-03-17,52,3,,0.03,1.56
2017-03-18,64,3,,0.03,1.92
2017-03-19,54,3,FALSE,0.03,1.62
2017-03-20,52,3,,0.03,1.56
2017-03-21,48,3,,0.03,1.44
2017-03-22,47,3,,0.03,1.41
2017-03-23,45,3,,0.03,1.35
2017-03-24,50,3,,0.03,1.5
2017-03-25,49,3,,0.03,1.47
2017-03-26,49,3,FALSE,0.03,1.47
2017-03-27,46,3,,0.03,1.38
2017-03-28,42,3,,0.03,1.26
2017-03-29,46,3,,0.03,1.38
2017-03-30,39,3,,0.03,1.17
2017-03-31,41,3,,0.03,1.23
2017-04-01,80,3,,0.03,2.4
2017-04-02,72,3,FALSE,0.03,2.16
2017-04-03,80,3,,0.03,2.4
2017-04-04,86,3,,0.03,2.58
2017-04-05,78,3,,0.03,2.34
2017-04-06,82,3,,0.03,2.46
2017-04-07,86,3,,0.03,2.58
2017-04-08,72,3,,0.03,2.16
2017-04-09,71,3,FALSE,0.03,2.13
2017-04-10,74,3,,0.03,2.22
2017-04-11,81,3,,0.03,2.43
2017-04-12,78,3,,0.03,2.34
2017-04-13,81,3,,0.03,2.43
2017-04-14,66,3,,0.03,1.98
2017-04-15,72,3,,0.03,2.16
2017-04-16,76,3,FALSE,0.03,2.28
2017-04-17,75,3,,0.03,2.25
2017-04-18,87,3,,0.03,2.61
2017-04-19,74,3,,0.03,2.22
2017-04-20,75,3,,0.03,2.25
2017-04-21,80,3,,0.03,2.4
2017-04-22,76,3,,0.03,2.28
2017-04-23,67,3,FALSE,0.03,2.01
2017-04-24,72,3,,0.03,2.16
2017-04-25,84,3,,0.03,2.52
2017-04-26,93,3,,0.03,2.79
2017-04-27,100,3,,0.03,3
2017-04-28,92,3,,0.03,2.76
2017-04-29,85,3,,0.03,2.55
2017-04-30,83,4,FALSE,0.04,3.32
2017-05-01,21,4,,0.04,0.84
2017-05-02,22,4,,0.04,0.88
2017-05-03,21,4,,0.04,0.84
2017-05-04,31,4,,0.04,1.24
2017-05-05,24,4,,0.04,0.96
2017-05-06,20,4,,0.04,0.8
2017-05-07,20,7,FALSE,0.07,1.4
2017-05-08,23,7,,0.07,1.61
2017-05-09,32,7,,0.07,2.24
2017-05-10,29,7,,0.07,2.03
2017-05-11,34,7,,0.07,2.38
2017-05-12,36,7,,0.07,2.52
2017-05-13,36,7,,0.07,2.52
2017-05-14,30,7,FALSE,0.07,2.1
2017-05-15,36,7,,0.07,2.52
2017-05-16,35,7,,0.07,2.45
2017-05-17,29,7,,0.07,2.03
2017-05-18,26,7,,0.07,1.82
2017-05-19,35,7,,0.07,2.45
2017-05-20,36,7,,0.07,2.52
2017-05-21,37,17,FALSE,0.17,6.29
2017-05-22,74,17,,0.17,12.58
2017-05-23,71,17,,0.17,12.07
2017-05-24,78,17,,0.17,13.26
2017-05-25,100,17,,0.17,17
2017-05-26,83,17,,0.17,14.11
2017-05-27,61,17,,0.17,10.37
2017-05-28,45,10,FALSE,0.1,4.5
2017-05-29,41,10,,0.1,4.1
2017-05-30,45,10,,0.1,4.5
2017-05-31,45,10,,0.1,4.5
2017-06-01,71,10,,0.1,7.1
2017-06-02,61,10,,0.1,6.1
2017-06-03,61,10,,0.1,6.1
2017-06-04,50,10,FALSE,0.1,5
2017-06-05,62,10,,0.1,6.2
2017-06-06,95,10,,0.1,9.5
2017-06-07,85,10,,0.1,8.5
2017-06-08,71,10,,0.1,7.1
2017-06-09,71,10,,0.1,7.1
2017-06-10,66,10,,0.1,6.6
2017-06-11,69,11,FALSE,0.11,7.59
2017-06-12,97,11,,0.11,10.67
2017-06-13,77,11,,0.11,8.47
2017-06-14,77,11,,0.11,8.47
2017-06-15,100,11,,0.11,11
2017-06-16,72,11,,0.11,7.92
2017-06-17,56,11,,0.11,6.16
2017-06-18,49,8,FALSE,0.08,3.92
2017-06-19,54,8,,0.08,4.32
2017-06-20,65,8,,0.08,5.2
2017-06-21,70,8,,0.08,5.6
2017-06-22,60,8,,0.08,4.8
2017-06-23,56,8,,0.08,4.48
2017-06-24,53,8,,0.08,4.24
2017-06-25,48,8,FALSE,0.08,3.84
2017-06-26,63,8,,0.08,5.04
2017-06-27,74,8,,0.08,5.92
2017-06-28,64,8,,0.08,5.12
2017-06-29,56,8,,0.08,4.48
2017-06-30,49,8,,0.08,3.92
2017-07-01,56,8,,0.08,4.48
2017-07-02,65,6,FALSE,0.06,3.9
2017-07-03,58,6,,0.06,3.48
2017-07-04,63,6,,0.06,3.78
2017-07-05,73,6,,0.06,4.38
2017-07-06,68,6,,0.06,4.08
2017-07-07,68,6,,0.06,4.08
2017-07-08,61,6,,0.06,3.66
2017-07-09,53,7,FALSE,0.07,3.71
2017-07-10,78,7,,0.07,5.46
2017-07-11,78,7,,0.07,5.46
2017-07-12,81,7,,0.07,5.67
2017-07-13,73,7,,0.07,5.11
2017-07-14,74,7,,0.07,5.18
2017-07-15,82,7,,0.07,5.74
2017-07-16,90,8,FALSE,0.08,7.2
2017-07-17,86,8,,0.08,6.88
2017-07-18,92,8,,0.08,7.36
2017-07-19,84,8,,0.08,6.72
2017-07-20,100,8,,0.08,8
2017-07-21,100,8,,0.08,8
2017-07-22,79,8,,0.08,6.32
2017-07-23,79,8,FALSE,0.08,6.32
2017-07-24,79,8,,0.08,6.32
2017-07-25,88,8,,0.08,7.04
2017-07-26,81,8,,0.08,6.48
2017-07-27,78,8,,0.08,6.24
2017-07-28,91,8,,0.08,7.28
2017-07-29,70,8,,0.08,5.6
2017-07-30,66,12,FALSE,0.12,7.92
2017-07-31,93,12,,0.12,11.16
2017-08-01,100,12,,0.12,12
2017-08-02,79,12,,0.12,9.48
2017-08-03,52,12,,0.12,6.24
2017-08-04,49,12,,0.12,5.88
2017-08-05,64,12,,0.12,7.68
2017-08-06,48,11,FALSE,0.11,5.28
2017-08-07,59,11,,0.11,6.49
2017-08-08,63,11,,0.11,6.93
2017-08-09,57,11,,0.11,6.27
2017-08-10,52,11,,0.11,5.72
2017-08-11,55,11,,0.11,6.05
2017-08-12,68,11,,0.11,7.48
2017-08-13,80,16,FALSE,0.16,12.8
2017-08-14,97,16,,0.16,15.52
2017-08-15,94,16,,0.16,15.04
2017-08-16,79,16,,0.16,12.64
2017-08-17,77,16,,0.16,12.32
2017-08-18,71,16,,0.16,11.36
2017-08-19,65,16,,0.16,10.4
2017-08-20,59,12,FALSE,0.12,7.08
2017-08-21,59,12,,0.12,7.08
2017-08-22,69,12,,0.12,8.28
2017-08-23,64,12,,0.12,7.68
2017-08-24,60,12,,0.12,7.2
2017-08-25,58,12,,0.12,6.96
2017-08-26,51,12,,0.12,6.12
2017-08-27,43,12,FALSE,0.12,5.16
2017-08-28,49,12,,0.12,5.88
2017-08-29,63,12,,0.12,7.56
2017-08-30,62,12,,0.12,7.44
2017-08-31,68,12,,0.12,8.16
2017-09-01,69,12,,0.12,8.28
2017-09-02,68,12,,0.12,8.16
2017-09-03,59,12,FALSE,0.12,7.08
2017-09-04,67,12,,0.12,8.04
2017-09-05,67,12,,0.12,8.04
2017-09-06,56,12,,0.12,6.72
2017-09-07,49,12,,0.12,5.88
2017-09-08,60,12,,0.12,7.2
2017-09-09,46,12,,0.12,5.52
2017-09-10,42,15,FALSE,0.15,6.3
2017-09-11,48,15,,0.15,7.2
2017-09-12,60,15,,0.15,9
2017-09-13,80,15,,0.15,12
2017-09-14,100,15,,0.15,15
2017-09-15,99,15,,0.15,14.85
2017-09-16,59,15,,0.15,8.85
2017-09-17,51,11,FALSE,0.11,5.61
2017-09-18,60,11,,0.11,6.6
2017-09-19,58,11,,0.11,6.38
2017-09-20,47,11,,0.11,5.17
2017-09-21,54,11,,0.11,5.94
2017-09-22,49,11,,0.11,5.39
2017-09-23,38,11,,0.11,4.18
2017-09-24,34,9,FALSE,0.09,3.06
2017-09-25,44,9,,0.09,3.96
2017-09-26,41,9,,0.09,3.69
2017-09-27,46,9,,0.09,4.14
2017-09-28,44,9,,0.09,3.96
2017-09-29,42,9,,0.09,3.78
2017-09-30,39,9,,0.09,3.51
2017-10-01,36,8,FALSE,0.08,2.88
2017-10-02,39,8,,0.08,3.12
2017-10-03,40,8,,0.08,3.2
2017-10-04,36,8,,0.08,2.88
2017-10-05,37,8,,0.08,2.96
2017-10-06,36,8,,0.08,2.88
2017-10-07,34,8,,0.08,2.72
2017-10-08,36,13,FALSE,0.13,4.68
2017-10-09,46,13,,0.13,5.98
2017-10-10,50,13,,0.13,6.5
2017-10-11,45,13,,0.13,5.85
2017-10-12,84,13,,0.13,10.92
2017-10-13,100,13,,0.13,13
2017-10-14,63,13,,0.13,8.19
2017-10-15,61,15,FALSE,0.15,9.15
2017-10-16,65,15,,0.15,9.75
2017-10-17,62,15,,0.15,9.3
2017-10-18,64,15,,0.15,9.6
2017-10-19,60,15,,0.15,9
2017-10-20,76,15,,0.15,11.4
2017-10-21,80,15,,0.15,12
2017-10-22,62,15,FALSE,0.15,9.3
2017-10-23,72,15,,0.15,10.8
2017-10-24,80,15,,0.15,12
2017-10-25,73,15,,0.15,10.95
2017-10-26,71,15,,0.15,10.65
2017-10-27,62,15,,0.15,9.3
2017-10-28,55,15,,0.15,8.25
2017-10-29,57,22,FALSE,0.22,12.54
2017-10-30,67,22,,0.22,14.74
2017-10-31,85,22,,0.22,18.7
2017-11-01,19,22,,0.22,4.18
2017-11-02,28,22,,0.22,6.16
2017-11-03,23,22,,0.22,5.06
2017-11-04,19,22,,0.22,4.18
2017-11-05,18,24,FALSE,0.24,4.32
2017-11-06,19,24,,0.24,4.56
2017-11-07,18,24,,0.24,4.32
2017-11-08,20,24,,0.24,4.8
2017-11-09,18,24,,0.24,4.32
2017-11-10,23,24,,0.24,5.52
2017-11-11,22,24,,0.24,5.28
2017-11-12,27,26,FALSE,0.26,7.02
2017-11-13,22,26,,0.26,5.72
2017-11-14,18,26,,0.26,4.68
2017-11-15,19,26,,0.26,4.94
2017-11-16,19,26,,0.26,4.94
2017-11-17,25,26,,0.26,6.5
2017-11-18,20,26,,0.26,5.2
2017-11-19,18,23,FALSE,0.23,4.14
2017-11-20,21,23,,0.23,4.83
2017-11-21,23,23,,0.23,5.29
2017-11-22,20,23,,0.23,4.6
2017-11-23,17,23,,0.23,3.91
2017-11-24,18,23,,0.23,4.14
2017-11-25,20,23,,0.23,4.6
2017-11-26,30,62,FALSE,0.62,18.6
2017-11-27,45,62,,0.62,27.9
2017-11-28,56,62,,0.62,34.72
2017-11-29,100,62,,0.62,62
2017-11-30,80,62,,0.62,49.6
2017-12-01,34,62,,0.62,21.08
2017-12-02,23,62,,0.62,14.26
2017-12-03,22,93,FALSE,0.93,20.46
2017-12-04,28,93,,0.93,26.04
2017-12-05,28,93,,0.93,26.04
2017-12-06,41,93,,0.93,38.13
2017-12-07,100,93,,0.93,93
2017-12-08,84,93,,0.93,78.12
2017-12-09,54,93,,0.93,50.22
2017-12-10,49,85,FALSE,0.85,41.65
2017-12-11,56,85,,0.85,47.6
2017-12-12,57,85,,0.85,48.45
2017-12-13,47,85,,0.85,39.95
2017-12-14,40,85,,0.85,34
2017-12-15,36,85,,0.85,30.6
2017-12-16,37,85,,0.85,31.45
2017-12-17,39,100,FALSE,1,39
2017-12-18,42,100,,1,42
2017-12-19,42,100,,1,42
2017-12-20,67,100,,1,67
2017-12-21,44,100,,1,44
2017-12-22,91,100,,1,91
2017-12-23,54,100,,1,54
2017-12-24,37,58,FALSE,0.58,21.46
2017-12-25,31,58,,0.58,17.98
2017-12-26,33,58,,0.58,19.14
2017-12-27,30,58,,0.58,17.4
2017-12-28,31,58,,0.58,17.98
2017-12-29,26,58,,0.58,15.08
2017-12-30,25,58,,0.58,14.5
2017-12-31,19,40,FALSE,0.4,7.6
2018-01-01,30,40,,0.4,12
2018-01-02,46,40,,0.4,18.4
2018-01-03,47,40,,0.4,18.8
2018-01-04,44,40,,0.4,17.6
2018-01-05,43,40,,0.4,17.2
2018-01-06,37,40,,0.4,14.8
2018-01-07,34,40,FALSE,0.4,13.6
2018-01-08,43,40,,0.4,17.2
2018-01-09,39,40,,0.4,15.6
2018-01-10,41,40,,0.4,16.4
2018-01-11,49,40,,0.4,19.6
2018-01-12,36,40,,0.4,14.4
2018-01-13,28,40,,0.4,11.2
2018-01-14,26,51,FALSE,0.51,13.26
2018-01-15,25,51,,0.51,12.75
2018-01-16,71,51,,0.51,36.21
2018-01-17,100,51,,0.51,51
2018-01-18,63,51,,0.51,32.13
2018-01-19,42,51,,0.51,21.42
2018-01-20,30,51,,0.51,15.3
2018-01-21,27,34,FALSE,0.34,9.18
2018-01-22,36,34,,0.34,12.24
2018-01-23,37,34,,0.34,12.58
2018-01-24,32,34,,0.34,10.88
2018-01-25,32,34,,0.34,10.88
2018-01-26,30,34,,0.34,10.2
2018-01-27,25,34,,0.34,8.5
2018-01-28,23,35,FALSE,0.35,8.05
2018-01-29,23,35,,0.35,8.05
2018-01-30,28,35,,0.35,9.8
2018-01-31,31,35,,0.35,10.85
2018-02-01,56,35,,0.35,19.6
2018-02-02,82,35,,0.35,28.7
2018-02-03,45,35,,0.35,15.75
2018-02-04,35,44,FALSE,0.44,15.4
2018-02-05,81,44,,0.44,35.64
2018-02-06,100,44,,0.44,44
2018-02-07,60,44,,0.44,26.4
2018-02-08,48,44,,0.44,21.12
2018-02-09,37,44,,0.44,16.28
2018-02-10,30,44,,0.44,13.2
2018-02-11,28,23,FALSE,0.23,6.44
2018-02-12,30,23,,0.23,6.9
2018-02-13,27,23,,0.23,6.21
2018-02-14,27,23,,0.23,6.21
2018-02-15,29,23,,0.23,6.67
2018-02-16,28,23,,0.23,6.44
2018-02-17,26,23,,0.23,5.98
2018-02-18,28,20,FALSE,0.2,5.6
2018-02-19,24,20,,0.2,4.8
2018-02-20,28,20,,0.2,5.6
2018-02-21,28,20,,0.2,5.6
2018-02-22,25,20,,0.2,5
2018-02-23,22,20,,0.2,4.4
2018-02-24,20,20,,0.2,4
2018-02-25,19,16,FALSE,0.16,3.04
2018-02-26,21,16,,0.16,3.36
2018-02-27,22,16,,0.16,3.52
2018-02-28,22,16,,0.16,3.52
2018-03-01,75,16,,0.16,12
2018-03-02,73,16,,0.16,11.68
2018-03-03,68,16,,0.16,10.88
2018-03-04,65,16,FALSE,0.16,10.4
2018-03-05,70,16,,0.16,11.2
2018-03-06,74,16,,0.16,11.84
2018-03-07,85,16,,0.16,13.6
2018-03-08,86,16,,0.16,13.76
2018-03-09,97,16,,0.16,15.52
2018-03-10,71,16,,0.16,11.36
2018-03-11,69,17,FALSE,0.17,11.73
2018-03-12,79,17,,0.17,13.43
2018-03-13,74,17,,0.17,12.58
2018-03-14,88,17,,0.17,14.96
2018-03-15,100,17,,0.17,17
2018-03-16,83,17,,0.17,14.11
2018-03-17,72,17,,0.17,12.24
2018-03-18,93,15,FALSE,0.15,13.95
2018-03-19,85,15,,0.15,12.75
2018-03-20,74,15,,0.15,11.1
2018-03-21,74,15,,0.15,11.1
2018-03-22,74,15,,0.15,11.1
2018-03-23,69,15,,0.15,10.35
2018-03-24,56,15,,0.15,8.4
2018-03-25,53,16,FALSE,0.16,8.48
2018-03-26,70,16,,0.16,11.2
2018-03-27,72,16,,0.16,11.52
2018-03-28,70,16,,0.16,11.2
2018-03-29,82,16,,0.16,13.12
2018-03-30,96,16,,0.16,15.36
2018-03-31,64,16,,0.16,10.24
2018-04-01,92,15,FALSE,0.15,13.8
2018-04-02,100,15,,0.15,15
2018-04-03,93,15,,0.15,13.95
2018-04-04,87,15,,0.15,13.05
2018-04-05,87,15,,0.15,13.05
2018-04-06,88,15,,0.15,13.2
2018-04-07,71,15,,0.15,10.65
2018-04-08,65,13,FALSE,0.13,8.45
2018-04-09,85,13,,0.13,11.05
2018-04-10,77,13,,0.13,10.01
2018-04-11,72,13,,0.13,9.36
2018-04-12,95,13,,0.13,12.35
2018-04-13,91,13,,0.13,11.83
2018-04-14,68,13,,0.13,8.84
2018-04-15,65,12,FALSE,0.12,7.8
2018-04-16,74,12,,0.12,8.88
2018-04-17,75,12,,0.12,9
2018-04-18,75,12,,0.12,9
2018-04-19,74,12,,0.12,8.88
2018-04-20,75,12,,0.12,9
2018-04-21,68,12,,0.12,8.16
2018-04-22,66,12,FALSE,0.12,7.92
2018-04-23,78,12,,0.12,9.36
2018-04-24,97,12,,0.12,11.64
2018-04-25,84,12,,0.12,10.08
2018-04-26,72,12,,0.12,8.64
2018-04-27,69,12,,0.12,8.28
2018-04-28,54,12,,0.12,6.48
2018-04-29,53,10,FALSE,0.1,5.3
2018-04-30,64,10,,0.1,6.4
2018-05-01,82,10,,0.1,8.2
2018-05-02,79,10,,0.1,7.9
2018-05-03,91,10,,0.1,9.1
2018-05-04,85,10,,0.1,8.5
2018-05-05,84,10,,0.1,8.4
2018-05-06,77,11,FALSE,0.11,8.47
2018-05-07,91,11,,0.11,10.01
2018-05-08,87,11,,0.11,9.57
2018-05-09,87,11,,0.11,9.57
2018-05-10,77,11,,0.11,8.47
2018-05-11,100,11,,0.11,11
2018-05-12,74,11,,0.11,8.14
2018-05-13,73,10,FALSE,0.1,7.3
2018-05-14,80,10,,0.1,8
2018-05-15,79,10,,0.1,7.9
2018-05-16,76,10,,0.1,7.6
2018-05-17,77,10,,0.1,7.7
2018-05-18,79,10,,0.1,7.9
2018-05-19,60,10,,0.1,6
2018-05-20,64,10,FALSE,0.1,6.4
2018-05-21,70,10,,0.1,7
2018-05-22,74,10,,0.1,7.4
2018-05-23,94,10,,0.1,9.4
2018-05-24,97,10,,0.1,9.7
2018-05-25,74,10,,0.1,7.4
2018-05-26,63,10,,0.1,6.3
2018-05-27,64,9,FALSE,0.09,5.76
2018-05-28,71,9,,0.09,6.39
2018-05-29,75,9,,0.09,6.75
2018-05-30,75,9,,0.09,6.75
2018-05-31,74,9,,0.09,6.66
2018-06-01,52,9,,0.09,4.68
2018-06-02,49,9,,0.09,4.41
2018-06-03,49,8,FALSE,0.08,3.92
2018-06-04,56,8,,0.08,4.48
2018-06-05,51,8,,0.08,4.08
2018-06-06,52,8,,0.08,4.16
2018-06-07,50,8,,0.08,4
2018-06-08,49,8,,0.08,3.92
2018-06-09,46,8,,0.08,3.68
2018-06-10,72,12,FALSE,0.12,8.64
2018-06-11,100,12,,0.12,12
2018-06-12,72,12,,0.12,8.64
2018-06-13,90,12,,0.12,10.8
2018-06-14,82,12,,0.12,9.84
2018-06-15,62,12,,0.12,7.44
2018-06-16,49,12,,0.12,5.88
2018-06-17,49,9,FALSE,0.09,4.41
2018-06-18,60,9,,0.09,5.4
2018-06-19,58,9,,0.09,5.22
2018-06-20,59,9,,0.09,5.31
2018-06-21,52,9,,0.09,4.68
2018-06-22,73,9,,0.09,6.57
2018-06-23,66,9,,0.09,5.94
2018-06-24,74,10,FALSE,0.1,7.4
2018-06-25,67,10,,0.1,6.7
2018-06-26,59,10,,0.1,5.9
2018-06-27,62,10,,0.1,6.2
2018-06-28,56,10,,0.1,5.6
2018-06-29,79,10,,0.1,7.9
2018-06-30,71,10,,0.1,7.1
2018-07-01,65,8,FALSE,0.08,5.2
2018-07-02,80,8,,0.08,6.4
2018-07-03,63,8,,0.08,5.04
2018-07-04,60,8,,0.08,4.8
2018-07-05,63,8,,0.08,5.04
2018-07-06,63,8,,0.08,5.04
2018-07-07,47,8,,0.08,3.76
2018-07-08,60,8,FALSE,0.08,4.8
2018-07-09,59,8,,0.08,4.72
2018-07-10,67,8,,0.08,5.36
2018-07-11,62,8,,0.08,4.96
2018-07-12,64,8,,0.08,5.12
2018-07-13,61,8,,0.08,4.88
2018-07-14,58,8,,0.08,4.64
2018-07-15,47,9,FALSE,0.09,4.23
2018-07-16,62,9,,0.09,5.58
2018-07-17,89,9,,0.09,8.01
2018-07-18,97,9,,0.09,8.73
2018-07-19,76,9,,0.09,6.84
2018-07-20,75,9,,0.09,6.75
2018-07-21,58,9,,0.09,5.22
2018-07-22,53,10,FALSE,0.1,5.3
2018-07-23,72,10,,0.1,7.2
2018-07-24,100,10,,0.1,10
2018-07-25,93,10,,0.1,9.3
2018-07-26,84,10,,0.1,8.4
2018-07-27,86,10,,0.1,8.6
2018-07-28,61,10,,0.1,6.1
2018-07-29,61,9,FALSE,0.09,5.49
2018-07-30,76,9,,0.09,6.84
2018-07-31,76,9,,0.09,6.84
2018-08-01,76,9,,0.09,6.84
2018-08-02,64,9,,0.09,5.76
2018-08-03,75,9,,0.09,6.75
2018-08-04,66,9,,0.09,5.94
2018-08-05,64,9,FALSE,0.09,5.76
2018-08-06,71,9,,0.09,6.39
2018-08-07,75,9,,0.09,6.75
2018-08-08,100,9,,0.09,9
2018-08-09,80,9,,0.09,7.2
2018-08-10,76,9,,0.09,6.84
2018-08-11,72,9,,0.09,6.48
2018-08-12,61,9,FALSE,0.09,5.49
2018-08-13,72,9,,0.09,6.48
2018-08-14,100,9,,0.09,9
2018-08-15,85,9,,0.09,7.65
2018-08-16,75,9,,0.09,6.75
2018-08-17,69,9,,0.09,6.21
2018-08-18,58,9,,0.09,5.22
2018-08-19,51,8,FALSE,0.08,4.08
2018-08-20,63,8,,0.08,5.04
2018-08-21,69,8,,0.08,5.52
2018-08-22,74,8,,0.08,5.92
2018-08-23,69,8,,0.08,5.52
2018-08-24,62,8,,0.08,4.96
2018-08-25,60,8,,0.08,4.8
2018-08-26,51,8,FALSE,0.08,4.08
2018-08-27,65,8,,0.08,5.2
2018-08-28,75,8,,0.08,6
2018-08-29,69,8,,0.08,5.52
2018-08-30,57,8,,0.08,4.56
2018-08-31,56,8,,0.08,4.48
2018-09-01,62,8,,0.08,4.96
2018-09-02,61,9,FALSE,0.09,5.49
2018-09-03,57,9,,0.09,5.13
2018-09-04,65,9,,0.09,5.85
2018-09-05,84,9,,0.09,7.56
2018-09-06,100,9,,0.09,9
2018-09-07,76,9,,0.09,6.84
2018-09-08,62,9,,0.09,5.58
2018-09-09,58,8,FALSE,0.08,4.64
2018-09-10,69,8,,0.08,5.52
2018-09-11,74,8,,0.08,5.92
2018-09-12,78,8,,0.08,6.24
2018-09-13,76,8,,0.08,6.08
2018-09-14,60,8,,0.08,4.8
2018-09-15,51,8,,0.08,4.08
2018-09-16,48,7,FALSE,0.07,3.36
2018-09-17,55,7,,0.07,3.85
2018-09-18,59,7,,0.07,4.13
2018-09-19,59,7,,0.07,4.13
2018-09-20,59,7,,0.07,4.13
2018-09-21,64,7,,0.07,4.48
2018-09-22,55,7,,0.07,3.85
2018-09-23,51,6,FALSE,0.06,3.06
2018-09-24,56,6,,0.06,3.36
2018-09-25,57,6,,0.06,3.42
2018-09-26,59,6,,0.06,3.54
2018-09-27,56,6,,0.06,3.36
2018-09-28,55,6,,0.06,3.3
2018-09-29,46,6,,0.06,2.76
2018-09-30,45,5,FALSE,0.05,2.25
2018-10-01,63,5,,0.05,3.15
2018-10-02,68,5,,0.05,3.4
2018-10-03,64,5,,0.05,3.2
2018-10-04,63,5,,0.05,3.15
2018-10-05,56,5,,0.05,2.8
2018-10-06,55,5,,0.05,2.75
2018-10-07,51,6,FALSE,0.06,3.06
2018-10-08,59,6,,0.06,3.54
2018-10-09,56,6,,0.06,3.36
2018-10-10,67,6,,0.06,4.02
2018-10-11,100,6,,0.06,6
2018-10-12,75,6,,0.06,4.5
2018-10-13,60,6,,0.06,3.6
2018-10-14,52,5,FALSE,0.05,2.6
2018-10-15,77,5,,0.05,3.85
2018-10-16,75,5,,0.05,3.75
2018-10-17,58,5,,0.05,2.9
2018-10-18,60,5,,0.05,3
2018-10-19,56,5,,0.05,2.8
2018-10-20,52,5,,0.05,2.6
2018-10-21,51,4,FALSE,0.04,2.04
2018-10-22,54,4,,0.04,2.16
2018-10-23,64,4,,0.04,2.56
2018-10-24,62,4,,0.04,2.48
2018-10-25,58,4,,0.04,2.32
2018-10-26,54,4,,0.04,2.16
2018-10-27,51,4,,0.04,2.04
2018-10-28,43,5,FALSE,0.05,2.15
2018-10-29,69,5,,0.05,3.45
2018-10-30,66,5,,0.05,3.3
2018-10-31,66,5,,0.05,3.3
2018-11-01,32,5,,0.05,1.6
2018-11-02,30,5,,0.05,1.5
2018-11-03,26,5,,0.05,1.3
2018-11-04,31,5,FALSE,0.05,1.55
2018-11-05,34,5,,0.05,1.7
2018-11-06,34,5,,0.05,1.7
2018-11-07,29,5,,0.05,1.45
2018-11-08,30,5,,0.05,1.5
2018-11-09,28,5,,0.05,1.4
2018-11-10,27,5,,0.05,1.35
2018-11-11,24,7,FALSE,0.07,1.68
2018-11-12,29,7,,0.07,2.03
2018-11-13,30,7,,0.07,2.1
2018-11-14,59,7,,0.07,4.13
2018-11-15,64,7,,0.07,4.48
2018-11-16,44,7,,0.07,3.08
2018-11-17,39,7,,0.07,2.73
2018-11-18,35,11,FALSE,0.11,3.85
2018-11-19,67,11,,0.11,7.37
2018-11-20,100,11,,0.11,11
2018-11-21,78,11,,0.11,8.58
2018-11-22,47,11,,0.11,5.17
2018-11-23,54,11,,0.11,5.94
2018-11-24,52,11,,0.11,5.72
2018-11-25,83,12,FALSE,0.12,9.96
2018-11-26,79,12,,0.12,9.48
2018-11-27,76,12,,0.12,9.12
2018-11-28,66,12,,0.12,7.92
2018-11-29,56,12,,0.12,6.72
2018-11-30,55,12,,0.12,6.6
2018-12-01,51,12,,0.12,6.12
2018-12-02,41,9,FALSE,0.09,3.69
2018-12-03,68,9,,0.09,6.12
2018-12-04,67,9,,0.09,6.03
2018-12-05,59,9,,0.09,5.31
2018-12-06,69,9,,0.09,6.21
2018-12-07,100,9,,0.09,9
2018-12-08,67,9,,0.09,6.03
2018-12-09,56,9,FALSE,0.09,5.04
2018-12-10,63,9,,0.09,5.67
2018-12-11,63,9,,0.09,5.67
2018-12-12,60,9,,0.09,5.4
2018-12-13,65,9,,0.09,5.85
2018-12-14,76,9,,0.09,6.84
2018-12-15,62,9,,0.09,5.58
2018-12-16,55,9,FALSE,0.09,4.95
2018-12-17,69,9,,0.09,6.21
2018-12-18,68,9,,0.09,6.12
2018-12-19,75,9,,0.09,6.75
2018-12-20,77,9,,0.09,6.93
2018-12-21,70,9,,0.09,6.3
2018-12-22,52,9,,0.09,4.68
2018-12-23,54,8,FALSE,0.08,4.32
2018-12-24,66,8,,0.08,5.28
2018-12-25,61,8,,0.08,4.88
2018-12-26,56,8,,0.08,4.48
2018-12-27,57,8,,0.08,4.56
2018-12-28,55,8,,0.08,4.4
2018-12-29,48,8,,0.08,3.84
2018-12-30,42,6,FALSE,0.06,2.52
2018-12-31,45,6,,0.06,2.7
2019-01-01,79,6,,0.06,4.74
2019-01-02,93,6,,0.06,5.58
2019-01-03,93,6,,0.06,5.58
2019-01-04,94,6,,0.06,5.64
2019-01-05,72,6,,0.06,4.32
2019-01-06,73,6,FALSE,0.06,4.38
2019-01-07,85,6,,0.06,5.1
2019-01-08,81,6,,0.06,4.86
2019-01-09,84,6,,0.06,5.04
2019-01-10,100,6,,0.06,6
2019-01-11,87,6,,0.06,5.22
2019-01-12,78,6,,0.06,4.68
2019-01-13,77,5,FALSE,0.05,3.85
2019-01-14,84,5,,0.05,4.2
2019-01-15,82,5,,0.05,4.1
2019-01-16,75,5,,0.05,3.75
2019-01-17,71,5,,0.05,3.55
2019-01-18,69,5,,0.05,3.45
2019-01-19,68,5,,0.05,3.4
2019-01-20,60,4,FALSE,0.04,2.4
2019-01-21,62,4,,0.04,2.48
2019-01-22,68,4,,0.04,2.72
2019-01-23,73,4,,0.04,2.92
2019-01-24,65,4,,0.04,2.6
2019-01-25,68,4,,0.04,2.72
2019-01-26,60,4,,0.04,2.4
2019-01-27,65,5,FALSE,0.05,3.25
2019-01-28,79,5,,0.05,3.95
2019-01-29,75,5,,0.05,3.75
2019-01-30,66,5,,0.05,3.3
2019-01-31,66,5,,0.05,3.3
2019-02-01,58,5,,0.05,2.9
2019-02-02,53,5,,0.05,2.65
2019-02-03,57,5,FALSE,0.05,2.85
2019-02-04,66,5,,0.05,3.3
2019-02-05,86,5,,0.05,4.3
2019-02-06,78,5,,0.05,3.9
2019-02-07,71,5,,0.05,3.55
2019-02-08,78,5,,0.05,3.9
2019-02-09,67,5,,0.05,3.35
2019-02-10,62,4,FALSE,0.04,2.48
2019-02-11,65,4,,0.04,2.6
2019-02-12,63,4,,0.04,2.52
2019-02-13,60,4,,0.04,2.4
2019-02-14,63,4,,0.04,2.52
2019-02-15,60,4,,0.04,2.4
2019-02-16,54,4,,0.04,2.16
2019-02-17,50,6,FALSE,0.06,3
2019-02-18,75,6,,0.06,4.5
2019-02-19,88,6,,0.06,5.28
2019-02-20,78,6,,0.06,4.68
2019-02-21,74,6,,0.06,4.44
2019-02-22,69,6,,0.06,4.14
2019-02-23,81,6,,0.06,4.86
2019-02-24,100,5,FALSE,0.05,5
2019-02-25,80,5,,0.05,4
2019-02-26,62,5,,0.05,3.1
2019-02-27,67,5,,0.05,3.35
2019-02-28,70,5,,0.05,3.5
2019-03-01,81,5,,0.05,4.05
2019-03-02,79,5,,0.05,3.95
2019-03-03,78,5,FALSE,0.05,3.9
2019-03-04,84,5,,0.05,4.2
2019-03-05,95,5,,0.05,4.75
2019-03-06,94,5,,0.05,4.7
2019-03-07,89,5,,0.05,4.45
2019-03-08,82,5,,0.05,4.1
2019-03-09,81,5,,0.05,4.05
2019-03-10,77,4,FALSE,0.04,3.08
2019-03-11,84,4,,0.04,3.36
2019-03-12,87,4,,0.04,3.48
2019-03-13,81,4,,0.04,3.24
2019-03-14,72,4,,0.04,2.88
2019-03-15,80,4,,0.04,3.2
2019-03-16,84,4,,0.04,3.36
2019-03-17,81,5,FALSE,0.05,4.05
2019-03-18,94,5,,0.05,4.7
2019-03-19,86,5,,0.05,4.3
2019-03-20,93,5,,0.05,4.65
2019-03-21,100,5,,0.05,5
2019-03-22,94,5,,0.05,4.7
2019-03-23,86,5,,0.05,4.3
2019-03-24,74,4,FALSE,0.04,2.96
2019-03-25,80,4,,0.04,3.2
2019-03-26,79,4,,0.04,3.16
2019-03-27,84,4,,0.04,3.36
2019-03-28,81,4,,0.04,3.24
2019-03-29,88,4,,0.04,3.52
2019-03-30,83,4,,0.04,3.32
2019-03-31,78,9,FALSE,0.09,7.02
2019-04-01,40,9,,0.09,3.6
2019-04-02,95,9,,0.09,8.55
2019-04-03,100,9,,0.09,9
2019-04-04,67,9,,0.09,6.03
2019-04-05,51,9,,0.09,4.59
2019-04-06,48,9,,0.09,4.32
2019-04-07,47,7,FALSE,0.07,3.29
2019-04-08,55,7,,0.07,3.85
2019-04-09,47,7,,0.07,3.29
2019-04-10,54,7,,0.07,3.78
2019-04-11,49,7,,0.07,3.43
2019-04-12,43,7,,0.07,3.01
2019-04-13,36,7,,0.07,2.52
2019-04-14,35,6,FALSE,0.06,2.1
2019-04-15,45,6,,0.06,2.7
2019-04-16,42,6,,0.06,2.52
2019-04-17,47,6,,0.06,2.82
2019-04-18,46,6,,0.06,2.76
2019-04-19,43,6,,0.06,2.58
2019-04-20,41,6,,0.06,2.46
2019-04-21,37,7,FALSE,0.07,2.59
2019-04-22,44,7,,0.07,3.08
2019-04-23,59,7,,0.07,4.13
2019-04-24,46,7,,0.07,3.22
2019-04-25,45,7,,0.07,3.15
2019-04-26,47,7,,0.07,3.29
2019-04-27,38,7,,0.07,2.66
2019-04-28,37,6,FALSE,0.06,2.22
2019-04-29,37,6,,0.06,2.22
2019-04-30,37,6,,0.06,2.22
2019-05-01,29,6,,0.06,1.74
2019-05-02,31,6,,0.06,1.86
2019-05-03,40,6,,0.06,2.4
2019-05-04,37,6,,0.06,2.22
2019-05-05,37,9,FALSE,0.09,3.33
2019-05-06,34,9,,0.09,3.06
2019-05-07,42,9,,0.09,3.78
2019-05-08,41,9,,0.09,3.69
2019-05-09,46,9,,0.09,4.14
2019-05-10,52,9,,0.09,4.68
2019-05-11,76,9,,0.09,6.84
2019-05-12,79,16,FALSE,0.16,12.64
2019-05-13,91,16,,0.16,14.56
2019-05-14,100,16,,0.16,16
2019-05-15,81,16,,0.16,12.96
2019-05-16,74,16,,0.16,11.84
2019-05-17,76,16,,0.16,12.16
2019-05-18,55,16,,0.16,8.8
2019-05-19,67,11,FALSE,0.11,7.37
2019-05-20,67,11,,0.11,7.37
2019-05-21,60,11,,0.11,6.6
2019-05-22,54,11,,0.11,5.94
2019-05-23,53,11,,0.11,5.83
2019-05-24,53,11,,0.11,5.83
2019-05-25,47,11,,0.11,5.17
2019-05-26,52,11,FALSE,0.11,5.72
2019-05-27,72,11,,0.11,7.92
2019-05-28,63,11,,0.11,6.93
2019-05-29,60,11,,0.11,6.6
2019-05-30,63,11,,0.11,6.93
2019-05-31,57,11,,0.11,6.27
2019-06-01,27,11,,0.11,2.97
2019-06-02,26,9,FALSE,0.09,2.34
2019-06-03,26,9,,0.09,2.34
2019-06-04,32,9,,0.09,2.88
2019-06-05,24,9,,0.09,2.16
2019-06-06,23,9,,0.09,2.07
2019-06-07,25,9,,0.09,2.25
2019-06-08,20,9,,0.09,1.8
2019-06-09,18,8,FALSE,0.08,1.44
2019-06-10,21,8,,0.08,1.68
2019-06-11,22,8,,0.08,1.76
2019-06-12,23,8,,0.08,1.84
2019-06-13,23,8,,0.08,1.84
2019-06-14,24,8,,0.08,1.92
2019-06-15,24,8,,0.08,1.92
2019-06-16,37,14,FALSE,0.14,5.18
2019-06-17,34,14,,0.14,4.76
2019-06-18,35,14,,0.14,4.9
2019-06-19,28,14,,0.14,3.92
2019-06-20,32,14,,0.14,4.48
2019-06-21,42,14,,0.14,5.88
2019-06-22,70,14,,0.14,9.8
2019-06-23,47,22,FALSE,0.22,10.34
2019-06-24,48,22,,0.22,10.56
2019-06-25,52,22,,0.22,11.44
2019-06-26,100,22,,0.22,22
2019-06-27,77,22,,0.22,16.94
2019-06-28,59,22,,0.22,12.98
2019-06-29,41,22,,0.22,9.02
2019-06-30,39,13,FALSE,0.13,5.07
2019-07-01,100,13,,0.13,13
2019-07-02,100,13,,0.13,13
2019-07-03,85,13,,0.13,11.05
2019-07-04,78,13,,0.13,10.14
2019-07-05,73,13,,0.13,9.49
2019-07-06,64,13,,0.13,8.32
2019-07-07,59,13,FALSE,0.13,7.67
2019-07-08,74,13,,0.13,9.62
2019-07-09,88,13,,0.13,11.44
2019-07-10,100,13,,0.13,13
2019-07-11,90,13,,0.13,11.7
2019-07-12,88,13,,0.13,11.44
2019-07-13,72,13,,0.13,9.36
2019-07-14,74,12,FALSE,0.12,8.88
2019-07-15,90,12,,0.12,10.8
2019-07-16,95,12,,0.12,11.4
2019-07-17,87,12,,0.12,10.44
2019-07-18,84,12,,0.12,10.08
2019-07-19,66,12,,0.12,7.92
2019-07-20,58,12,,0.12,6.96
2019-07-21,55,9,FALSE,0.09,4.95
2019-07-22,61,9,,0.09,5.49
2019-07-23,62,9,,0.09,5.58
2019-07-24,68,9,,0.09,6.12
2019-07-25,64,9,,0.09,5.76
2019-07-26,55,9,,0.09,4.95
2019-07-27,59,9,,0.09,5.31
2019-07-28,51,9,FALSE,0.09,4.59
2019-07-29,55,9,,0.09,4.95
2019-07-30,56,9,,0.09,5.04
2019-07-31,59,9,,0.09,5.31
2019-08-01,65,9,,0.09,5.85
2019-08-02,69,9,,0.09,6.21
2019-08-03,61,9,,0.09,5.49
2019-08-04,58,11,FALSE,0.11,6.38
2019-08-05,100,11,,0.11,11
2019-08-06,90,11,,0.11,9.9
2019-08-07,81,11,,0.11,8.91
2019-08-08,71,11,,0.11,7.81
2019-08-09,69,11,,0.11,7.59
2019-08-10,63,11,,0.11,6.93
2019-08-11,58,9,FALSE,0.09,5.22
2019-08-12,57,9,,0.09,5.13
2019-08-13,64,9,,0.09,5.76
2019-08-14,74,9,,0.09,6.66
2019-08-15,74,9,,0.09,6.66
2019-08-16,62,9,,0.09,5.58
2019-08-17,58,9,,0.09,5.22
2019-08-18,52,8,FALSE,0.08,4.16
2019-08-19,55,8,,0.08,4.4
2019-08-20,58,8,,0.08,4.64
2019-08-21,58,8,,0.08,4.64
2019-08-22,58,8,,0.08,4.64
2019-08-23,57,8,,0.08,4.56
2019-08-24,53,8,,0.08,4.24
2019-08-25,52,7,FALSE,0.07,3.64
2019-08-26,51,7,,0.07,3.57
2019-08-27,52,7,,0.07,3.64
2019-08-28,60,7,,0.07,4.2
2019-08-29,60,7,,0.07,4.2
2019-08-30,48,7,,0.07,3.36
2019-08-31,41,7,,0.07,2.87
2019-09-01,49,7,FALSE,0.07,3.43
2019-09-02,58,7,,0.07,4.06
2019-09-03,69,7,,0.07,4.83
2019-09-04,61,7,,0.07,4.27
2019-09-05,59,7,,0.07,4.13
2019-09-06,59,7,,0.07,4.13
2019-09-07,56,7,,0.07,3.92
2019-09-08,49,6,FALSE,0.06,2.94
2019-09-09,56,6,,0.06,3.36
2019-09-10,55,6,,0.06,3.3
2019-09-11,55,6,,0.06,3.3
2019-09-12,54,6,,0.06,3.24
2019-09-13,49,6,,0.06,2.94
2019-09-14,46,6,,0.06,2.76
2019-09-15,44,6,FALSE,0.06,2.64
2019-09-16,52,6,,0.06,3.12
2019-09-17,51,6,,0.06,3.06
2019-09-18,52,6,,0.06,3.12
2019-09-19,57,6,,0.06,3.42
2019-09-20,52,6,,0.06,3.12
2019-09-21,49,6,,0.06,2.94
2019-09-22,48,9,FALSE,0.09,4.32
2019-09-23,58,9,,0.09,5.22
2019-09-24,94,9,,0.09,8.46
2019-09-25,100,9,,0.09,9
2019-09-26,100,9,,0.09,9
2019-09-27,82,9,,0.09,7.38
2019-09-28,67,9,,0.09,6.03
2019-09-29,60,7,FALSE,0.07,4.2
2019-09-30,64,7,,0.07,4.48
2019-10-01,57,7,,0.07,3.99
2019-10-02,58,7,,0.07,4.06
2019-10-03,54,7,,0.07,3.78
2019-10-04,46,7,,0.07,3.22
2019-10-05,43,7,,0.07,3.01
2019-10-06,44,6,FALSE,0.06,2.64
2019-10-07,52,6,,0.06,3.12
2019-10-08,48,6,,0.06,2.88
2019-10-09,56,6,,0.06,3.36
2019-10-10,47,6,,0.06,2.82
2019-10-11,48,6,,0.06,2.88
2019-10-12,41,6,,0.06,2.46
2019-10-13,42,6,FALSE,0.06,2.52
2019-10-14,47,6,,0.06,2.82
2019-10-15,45,6,,0.06,2.7
2019-10-16,50,6,,0.06,3
2019-10-17,48,6,,0.06,2.88
2019-10-18,44,6,,0.06,2.64
2019-10-19,43,6,,0.06,2.58
2019-10-20,41,8,FALSE,0.08,3.28
2019-10-21,44,8,,0.08,3.52
2019-10-22,45,8,,0.08,3.6
2019-10-23,65,8,,0.08,5.2
2019-10-24,58,8,,0.08,4.64
2019-10-25,68,8,,0.08,5.44
2019-10-26,100,8,,0.08,8
2019-10-27,59,7,FALSE,0.07,4.13
2019-10-28,63,7,,0.07,4.41
2019-10-29,60,7,,0.07,4.2
2019-10-30,54,7,,0.07,3.78
2019-10-31,49,7,,0.07,3.43
2019-11-01,71,7,,0.07,4.97
2019-11-02,63,7,,0.07,4.41
2019-11-03,59,6,FALSE,0.06,3.54
2019-11-04,72,6,,0.06,4.32
2019-11-05,74,6,,0.06,4.44
2019-11-06,67,6,,0.06,4.02
2019-11-07,71,6,,0.06,4.26
2019-11-08,72,6,,0.06,4.32
2019-11-09,62,6,,0.06,3.72
2019-11-10,60,5,FALSE,0.05,3
2019-11-11,67,5,,0.05,3.35
2019-11-12,61,5,,0.05,3.05
2019-11-13,61,5,,0.05,3.05
2019-11-14,63,5,,0.05,3.15
2019-11-15,62,5,,0.05,3.1
2019-11-16,61,5,,0.05,3.05
2019-11-17,59,7,FALSE,0.07,4.13
2019-11-18,66,7,,0.07,4.62
2019-11-19,73,7,,0.07,5.11
2019-11-20,66,7,,0.07,4.62
2019-11-21,87,7,,0.07,6.09
2019-11-22,100,7,,0.07,7
2019-11-23,74,7,,0.07,5.18
2019-11-24,74,7,FALSE,0.07,5.18
2019-11-25,98,7,,0.07,6.86
2019-11-26,81,7,,0.07,5.67
2019-11-27,80,7,,0.07,5.6
2019-11-28,64,7,,0.07,4.48
2019-11-29,67,7,,0.07,4.69
2019-11-30,59,7,,0.07,4.13
2019-12-01,78,6,FALSE,0.06,4.68
2019-12-02,71,6,,0.06,4.26
2019-12-03,74,6,,0.06,4.44
2019-12-04,79,6,,0.06,4.74
2019-12-05,76,6,,0.06,4.56
2019-12-06,68,6,,0.06,4.08
2019-12-07,68,6,,0.06,4.08
2019-12-08,60,5,FALSE,0.05,3
2019-12-09,71,5,,0.05,3.55
2019-12-10,76,5,,0.05,3.8
2019-12-11,76,5,,0.05,3.8
2019-12-12,71,5,,0.05,3.55
2019-12-13,63,5,,0.05,3.15
2019-12-14,63,5,,0.05,3.15
2019-12-15,66,6,FALSE,0.06,3.96
2019-12-16,73,6,,0.06,4.38
2019-12-17,94,6,,0.06,5.64
2019-12-18,100,6,,0.06,6
2019-12-19,87,6,,0.06,5.22
2019-12-20,77,6,,0.06,4.62
2019-12-21,68,6,,0.06,4.08
2019-12-22,64,5,FALSE,0.05,3.2
2019-12-23,83,5,,0.05,4.15
2019-12-24,69,5,,0.05,3.45
2019-12-25,65,5,,0.05,3.25
2019-12-26,68,5,,0.05,3.4
2019-12-27,69,5,,0.05,3.45
2019-12-28,71,5,,0.05,3.55
2019-12-29,70,6,FALSE,0.06,4.2
2019-12-30,65,6,,0.06,3.9
2019-12-31,78,6,,0.06,4.68
2020-01-01,56,6,,0.06,3.36
2020-01-02,70,6,,0.06,4.2
2020-01-03,79,6,,0.06,4.74
2020-01-04,69,6,,0.06,4.14
2020-01-05,69,7,FALSE,0.07,4.83
2020-01-06,69,7,,0.07,4.83
2020-01-07,91,7,,0.07,6.37
2020-01-08,96,7,,0.07,6.72
2020-01-09,70,7,,0.07,4.9
2020-01-10,77,7,,0.07,5.39
2020-01-11,70,7,,0.07,4.9
2020-01-12,65,7,FALSE,0.07,4.55
2020-01-13,62,7,,0.07,4.34
2020-01-14,100,7,,0.07,7
2020-01-15,97,7,,0.07,6.79
2020-01-16,80,7,,0.07,5.6
2020-01-17,79,7,,0.07,5.53
2020-01-18,82,7,,0.07,5.74
2020-01-19,86,6,FALSE,0.06,5.16
2020-01-20,72,6,,0.06,4.32
2020-01-21,70,6,,0.06,4.2
2020-01-22,66,6,,0.06,3.96
2020-01-23,73,6,,0.06,4.38
2020-01-24,66,6,,0.06,3.96
2020-01-25,67,6,,0.06,4.02
2020-01-26,54,7,FALSE,0.07,3.78
2020-01-27,68,7,,0.07,4.76
2020-01-28,85,7,,0.07,5.95
2020-01-29,90,7,,0.07,6.3
2020-01-30,86,7,,0.07,6.02
2020-01-31,81,7,,0.07,5.67
2020-02-01,64,7,,0.07,4.48
2020-02-02,63,8,FALSE,0.08,5.04
2020-02-03,63,8,,0.08,5.04
2020-02-04,68,8,,0.08,5.44
2020-02-05,79,8,,0.08,6.32
2020-02-06,74,8,,0.08,5.92
2020-02-07,68,8,,0.08,5.44
2020-02-08,65,8,,0.08,5.2
2020-02-09,100,9,FALSE,0.09,9
2020-02-10,79,9,,0.09,7.11
2020-02-11,78,9,,0.09,7.02
2020-02-12,90,9,,0.09,8.1
2020-02-13,78,9,,0.09,7.02
2020-02-14,73,9,,0.09,6.57
2020-02-15,69,9,,0.09,6.21
2020-02-16,70,7,FALSE,0.07,4.9
2020-02-17,73,7,,0.07,5.11
2020-02-18,67,7,,0.07,4.69
2020-02-19,79,7,,0.07,5.53
2020-02-20,73,7,,0.07,5.11
2020-02-21,63,7,,0.07,4.41
2020-02-22,61,7,,0.07,4.27
2020-02-23,59,8,FALSE,0.08,4.72
2020-02-24,73,8,,0.08,5.84
2020-02-25,71,8,,0.08,5.68
2020-02-26,78,8,,0.08,6.24
2020-02-27,81,8,,0.08,6.48
2020-02-28,83,8,,0.08,6.64
2020-02-29,67,8,,0.08,5.36
2020-03-01,29,6,FALSE,0.06,1.74
2020-03-02,30,6,,0.06,1.8
2020-03-03,29,6,,0.06,1.74
2020-03-04,26,6,,0.06,1.56
2020-03-05,26,6,,0.06,1.56
2020-03-06,29,6,,0.06,1.74
2020-03-07,26,6,,0.06,1.56
2020-03-08,30,13,FALSE,0.13,3.9
2020-03-09,54,13,,0.13,7.02
2020-03-10,37,13,,0.13,4.81
2020-03-11,32,13,,0.13,4.16
2020-03-12,68,13,,0.13,8.84
2020-03-13,100,13,,0.13,13
2020-03-14,62,13,,0.13,8.06
2020-03-15,47,12,FALSE,0.12,5.64
2020-03-16,68,12,,0.12,8.16
2020-03-17,53,12,,0.12,6.36
2020-03-18,52,12,,0.12,6.24
2020-03-19,54,12,,0.12,6.48
2020-03-20,52,12,,0.12,6.24
2020-03-21,43,12,,0.12,5.16
2020-03-22,39,9,FALSE,0.09,3.51
2020-03-23,43,9,,0.09,3.87
2020-03-24,48,9,,0.09,4.32
2020-03-25,42,9,,0.09,3.78
2020-03-26,37,9,,0.09,3.33
2020-03-27,32,9,,0.09,2.88
2020-03-28,34,9,,0.09,3.06
2020-03-29,32,8,FALSE,0.08,2.56
2020-03-30,33,8,,0.08,2.64
2020-03-31,30,8,,0.08,2.4
2020-04-01,50,8,,0.08,4
2020-04-02,60,8,,0.08,4.8
2020-04-03,56,8,,0.08,4.48
2020-04-04,58,8,,0.08,4.64
2020-04-05,51,8,FALSE,0.08,4.08
2020-04-06,63,8,,0.08,5.04
2020-04-07,60,8,,0.08,4.8
2020-04-08,57,8,,0.08,4.56
2020-04-09,58,8,,0.08,4.64
2020-04-10,60,8,,0.08,4.8
2020-04-11,52,8,,0.08,4.16
2020-04-12,55,8,FALSE,0.08,4.4
2020-04-13,58,8,,0.08,4.64
2020-04-14,53,8,,0.08,4.24
2020-04-15,54,8,,0.08,4.32
2020-04-16,63,8,,0.08,5.04
2020-04-17,56,8,,0.08,4.48
2020-04-18,56,8,,0.08,4.48
2020-04-19,56,8,FALSE,0.08,4.48
2020-04-20,53,8,,0.08,4.24
2020-04-21,53,8,,0.08,4.24
2020-04-22,53,8,,0.08,4.24
2020-04-23,62,8,,0.08,4.96
2020-04-24,59,8,,0.08,4.72
2020-04-25,56,8,,0.08,4.48
2020-04-26,59,11,FALSE,0.11,6.49
2020-04-27,63,11,,0.11,6.93
2020-04-28,66,11,,0.11,7.26
2020-04-29,93,11,,0.11,10.23
2020-04-30,100,11,,0.11,11
2020-05-01,53,11,,0.11,5.83
2020-05-02,49,11,,0.11,5.39
2020-05-03,53,12,FALSE,0.12,6.36
2020-05-04,49,12,,0.12,5.88
2020-05-05,49,12,,0.12,5.88
2020-05-06,57,12,,0.12,6.84
2020-05-07,70,12,,0.12,8.4
2020-05-08,78,12,,0.12,9.36
2020-05-09,65,12,,0.12,7.8
2020-05-10,93,14,FALSE,0.14,13.02
2020-05-11,100,14,,0.14,14
2020-05-12,73,14,,0.14,10.22
2020-05-13,63,14,,0.14,8.82
2020-05-14,62,14,,0.14,8.68
2020-05-15,55,14,,0.14,7.7
2020-05-16,49,14,,0.14,6.86
2020-05-17,47,9,FALSE,0.09,4.23
2020-05-18,50,9,,0.09,4.5
2020-05-19,46,9,,0.09,4.14
2020-05-20,48,9,,0.09,4.32
2020-05-21,52,9,,0.09,4.68
2020-05-22,42,9,,0.09,3.78
2020-05-23,41,9,,0.09,3.69
2020-05-24,39,8,FALSE,0.08,3.12
2020-05-25,46,8,,0.08,3.68
2020-05-26,43,8,,0.08,3.44
2020-05-27,41,8,,0.08,3.28
2020-05-28,40,8,,0.08,3.2
2020-05-29,40,8,,0.08,3.2
2020-05-30,35,8,,0.08,2.8
2020-05-31,36,8,FALSE,0.08,2.88
2020-06-01,70,8,,0.08,5.6
2020-06-02,100,8,,0.08,8
2020-06-03,70,8,,0.08,5.6
2020-06-04,71,8,,0.08,5.68
2020-06-05,73,8,,0.08,5.84
2020-06-06,61,8,,0.08,4.88
2020-06-07,67,7,FALSE,0.07,4.69
2020-06-08,67,7,,0.07,4.69
2020-06-09,66,7,,0.07,4.62
2020-06-10,70,7,,0.07,4.9
2020-06-11,77,7,,0.07,5.39
2020-06-12,69,7,,0.07,4.83
2020-06-13,57,7,,0.07,3.99
2020-06-14,58,7,FALSE,0.07,4.06
2020-06-15,68,7,,0.07,4.76
2020-06-16,65,7,,0.07,4.55
2020-06-17,60,7,,0.07,4.2
2020-06-18,62,7,,0.07,4.34
2020-06-19,56,7,,0.07,3.92
2020-06-20,57,7,,0.07,3.99
2020-06-21,53,7,FALSE,0.07,3.71
2020-06-22,63,7,,0.07,4.41
2020-06-23,65,7,,0.07,4.55
2020-06-24,55,7,,0.07,3.85
2020-06-25,56,7,,0.07,3.92
2020-06-26,59,7,,0.07,4.13
2020-06-27,59,7,,0.07,4.13
2020-06-28,63,7,FALSE,0.07,4.41
2020-06-29,61,7,,0.07,4.27
2020-06-30,57,7,,0.07,3.99
2020-07-01,42,7,,0.07,2.94
2020-07-02,42,7,,0.07,2.94
2020-07-03,41,7,,0.07,2.87
2020-07-04,42,7,,0.07,2.94
2020-07-05,44,7,FALSE,0.07,3.08
2020-07-06,44,7,,0.07,3.08
2020-07-07,41,7,,0.07,2.87
2020-07-08,50,7,,0.07,3.5
2020-07-09,46,7,,0.07,3.22
2020-07-10,44,7,,0.07,3.08
2020-07-11,41,7,,0.07,2.87
2020-07-12,39,8,FALSE,0.08,3.12
2020-07-13,46,8,,0.08,3.68
2020-07-14,50,8,,0.08,4
2020-07-15,60,8,,0.08,4.8
2020-07-16,69,8,,0.08,5.52
2020-07-17,53,8,,0.08,4.24
2020-07-18,44,8,,0.08,3.52
2020-07-19,41,7,FALSE,0.07,2.87
2020-07-20,40,7,,0.07,2.8
2020-07-21,42,7,,0.07,2.94
2020-07-22,46,7,,0.07,3.22
2020-07-23,53,7,,0.07,3.71
2020-07-24,53,7,,0.07,3.71
2020-07-25,49,7,,0.07,3.43
2020-07-26,58,12,FALSE,0.12,6.96
2020-07-27,98,12,,0.12,11.76
2020-07-28,100,12,,0.12,12
2020-07-29,75,12,,0.12,9
2020-07-30,68,12,,0.12,8.16
2020-07-31,72,12,,0.12,8.64
2020-08-01,90,12,,0.12,10.8
2020-08-02,100,10,FALSE,0.1,10
2020-08-03,79,10,,0.1,7.9
2020-08-04,72,10,,0.1,7.2
2020-08-05,76,10,,0.1,7.6
2020-08-06,79,10,,0.1,7.9
2020-08-07,73,10,,0.1,7.3
2020-08-08,62,10,,0.1,6.2
2020-08-09,58,9,FALSE,0.09,5.22
2020-08-10,74,9,,0.09,6.66
2020-08-11,72,9,,0.09,6.48
2020-08-12,63,9,,0.09,5.67
2020-08-13,71,9,,0.09,6.39
2020-08-14,68,9,,0.09,6.12
2020-08-15,63,9,,0.09,5.67
2020-08-16,65,9,FALSE,0.09,5.85
2020-08-17,81,9,,0.09,7.29
2020-08-18,73,9,,0.09,6.57
2020-08-19,64,9,,0.09,5.76
2020-08-20,59,9,,0.09,5.31
2020-08-21,58,9,,0.09,5.22
2020-08-22,54,9,,0.09,4.86
2020-08-23,48,7,FALSE,0.07,3.36
2020-08-24,52,7,,0.07,3.64
2020-08-25,56,7,,0.07,3.92
2020-08-26,51,7,,0.07,3.57
2020-08-27,50,7,,0.07,3.5
2020-08-28,52,7,,0.07,3.64
2020-08-29,41,7,,0.07,2.87
2020-08-30,47,8,FALSE,0.08,3.76
2020-08-31,51,8,,0.08,4.08
2020-09-01,89,8,,0.08,7.12
2020-09-02,91,8,,0.08,7.28
2020-09-03,100,8,,0.08,8
2020-09-04,99,8,,0.08,7.92
2020-09-05,95,8,,0.08,7.6
2020-09-06,88,7,FALSE,0.07,6.16
2020-09-07,85,7,,0.07,5.95
2020-09-08,91,7,,0.07,6.37
2020-09-09,73,7,,0.07,5.11
2020-09-10,68,7,,0.07,4.76
2020-09-11,68,7,,0.07,4.76
2020-09-12,67,7,,0.07,4.69
2020-09-13,71,6,FALSE,0.06,4.26
2020-09-14,69,6,,0.06,4.14
2020-09-15,78,6,,0.06,4.68
2020-09-16,69,6,,0.06,4.14
2020-09-17,70,6,,0.06,4.2
2020-09-18,70,6,,0.06,4.2
2020-09-19,66,6,,0.06,3.96
2020-09-20,59,5,FALSE,0.05,2.95
2020-09-21,70,5,,0.05,3.5
2020-09-22,64,5,,0.05,3.2
2020-09-23,66,5,,0.05,3.3
2020-09-24,63,5,,0.05,3.15
2020-09-25,66,5,,0.05,3.3
2020-09-26,63,5,,0.05,3.15
2020-09-27,57,5,FALSE,0.05,2.85
2020-09-28,65,5,,0.05,3.25
2020-09-29,65,5,,0.05,3.25
2020-09-30,63,5,,0.05,3.15
2020-10-01,42,5,,0.05,2.1
2020-10-02,41,5,,0.05,2.05
2020-10-03,40,5,,0.05,2
2020-10-04,37,6,FALSE,0.06,2.22
2020-10-05,43,6,,0.06,2.58
2020-10-06,38,6,,0.06,2.28
2020-10-07,39,6,,0.06,2.34
2020-10-08,46,6,,0.06,2.76
2020-10-09,48,6,,0.06,2.88
2020-10-10,50,6,,0.06,3
2020-10-11,42,6,FALSE,0.06,2.52
2020-10-12,50,6,,0.06,3
2020-10-13,50,6,,0.06,3
2020-10-14,46,6,,0.06,2.76
2020-10-15,49,6,,0.06,2.94
2020-10-16,45,6,,0.06,2.7
2020-10-17,42,6,,0.06,2.52
2020-10-18,43,10,FALSE,0.1,4.3
2020-10-19,48,10,,0.1,4.8
2020-10-20,56,10,,0.1,5.6
2020-10-21,99,10,,0.1,9.9
2020-10-22,100,10,,0.1,10
2020-10-23,79,10,,0.1,7.9
2020-10-24,67,10,,0.1,6.7
2020-10-25,64,10,FALSE,0.1,6.4
2020-10-26,72,10,,0.1,7.2
2020-10-27,86,10,,0.1,8.6
2020-10-28,84,10,,0.1,8.4
2020-10-29,71,10,,0.1,7.1
2020-10-30,69,10,,0.1,6.9
2020-10-31,70,10,,0.1,7
2020-11-01,42,10,FALSE,0.1,4.2
2020-11-02,43,10,,0.1,4.3
2020-11-03,39,10,,0.1,3.9
2020-11-04,31,10,,0.1,3.1
2020-11-05,53,10,,0.1,5.3
2020-11-06,63,10,,0.1,6.3
2020-11-07,46,10,,0.1,4.6
2020-11-08,43,11,FALSE,0.11,4.73
2020-11-09,52,11,,0.11,5.72
2020-11-10,44,11,,0.11,4.84
2020-11-11,49,11,,0.11,5.39
2020-11-12,52,11,,0.11,5.72
2020-11-13,61,11,,0.11,6.71
2020-11-14,51,11,,0.11,5.61
2020-11-15,43,17,FALSE,0.17,7.31
2020-11-16,60,17,,0.17,10.2
2020-11-17,87,17,,0.17,14.79
2020-11-18,100,17,,0.17,17
2020-11-19,78,17,,0.17,13.26
2020-11-20,83,17,,0.17,14.11
2020-11-21,86,17,,0.17,14.62
2020-11-22,71,18,FALSE,0.18,12.78
2020-11-23,76,18,,0.18,13.68
2020-11-24,99,18,,0.18,17.82
2020-11-25,90,18,,0.18,16.2
2020-11-26,100,18,,0.18,18
2020-11-27,82,18,,0.18,14.76
2020-11-28,64,18,,0.18,11.52
2020-11-29,63,17,FALSE,0.17,10.71
2020-11-30,90,17,,0.17,15.3
2020-12-01,45,17,,0.17,7.65
2020-12-02,37,17,,0.17,6.29
2020-12-03,35,17,,0.17,5.95
2020-12-04,35,17,,0.17,5.95
2020-12-05,30,17,,0.17,5.1
2020-12-06,28,13,FALSE,0.13,3.64
2020-12-07,31,13,,0.13,4.03
2020-12-08,30,13,,0.13,3.9
2020-12-09,31,13,,0.13,4.03
2020-12-10,27,13,,0.13,3.51
2020-12-11,29,13,,0.13,3.77
2020-12-12,23,13,,0.13,2.99
2020-12-13,24,22,FALSE,0.22,5.28
2020-12-14,27,22,,0.22,5.94
2020-12-15,29,22,,0.22,6.38
2020-12-16,53,22,,0.22,11.66
2020-12-17,100,22,,0.22,22
2020-12-18,59,22,,0.22,12.98
2020-12-19,49,22,,0.22,10.78
2020-12-20,45,21,FALSE,0.21,9.45
2020-12-21,50,21,,0.21,10.5
2020-12-22,45,21,,0.21,9.45
2020-12-23,41,21,,0.21,8.61
2020-12-24,38,21,,0.21,7.98
2020-12-25,39,21,,0.21,8.19
2020-12-26,57,21,,0.21,11.97
2020-12-27,70,32,FALSE,0.32,22.4
2020-12-28,61,32,,0.32,19.52
2020-12-29,54,32,,0.32,17.28
2020-12-30,64,32,,0.32,20.48
2020-12-31,62,32,,0.32,19.84
2021-01-01,28,32,,0.32,8.96
2021-01-02,63,32,,0.32,20.16
2021-01-03,70,52,FALSE,0.52,36.4
2021-01-04,58,52,,0.52,30.16
2021-01-05,45,52,,0.52,23.4
2021-01-06,54,52,,0.52,28.08
2021-01-07,84,52,,0.52,43.68
2021-01-08,85,52,,0.52,44.2
2021-01-09,63,52,,0.52,32.76
2021-01-10,60,52,FALSE,0.52,31.2
2021-01-11,100,52,,0.52,52
2021-01-12,71,52,,0.52,36.92
2021-01-13,60,52,,0.52,31.2
2021-01-14,61,52,,0.52,31.72
2021-01-15,53,52,,0.52,27.56
2021-01-16,38,52,,0.52,19.76
2021-01-17,33,32,FALSE,0.32,10.56
2021-01-18,31,32,,0.32,9.92
2021-01-19,33,32,,0.32,10.56
2021-01-20,31,32,,0.32,9.92
2021-01-21,46,32,,0.32,14.72
2021-01-22,51,32,,0.32,16.32
2021-01-23,29,32,,0.32,9.28
2021-01-24,25,31,FALSE,0.31,7.75
2021-01-25,27,31,,0.31,8.37
2021-01-26,26,31,,0.31,8.06
2021-01-27,30,31,,0.31,9.3
2021-01-28,35,31,,0.31,10.85
2021-01-29,65,31,,0.31,20.15
2021-01-30,34,31,,0.31,10.54
2021-01-31,28,27,FALSE,0.27,7.56
2021-02-01,31,27,,0.27,8.37
2021-02-02,29,27,,0.27,7.83
2021-02-03,31,27,,0.27,8.37
2021-02-04,32,27,,0.27,8.64
2021-02-05,30,27,,0.27,8.1
2021-02-06,36,27,,0.27,9.72
2021-02-07,32,47,FALSE,0.47,15.04
2021-02-08,87,47,,0.47,40.89
2021-02-09,100,47,,0.47,47
2021-02-10,65,47,,0.47,30.55
2021-02-11,58,47,,0.47,27.26
2021-02-12,56,47,,0.47,26.32
2021-02-13,40,47,,0.47,18.8
2021-02-14,43,44,FALSE,0.44,18.92
2021-02-15,49,44,,0.44,21.56
2021-02-16,58,44,,0.44,25.52
2021-02-17,66,44,,0.44,29.04
2021-02-18,60,44,,0.44,26.4
2021-02-19,69,44,,0.44,30.36
2021-02-20,74,44,,0.44,32.56
2021-02-21,61,46,FALSE,0.46,28.06
2021-02-22,74,46,,0.46,34.04
2021-02-23,91,46,,0.46,41.86
2021-02-24,66,46,,0.46,30.36
2021-02-25,55,46,,0.46,25.3
2021-02-26,54,46,,0.46,24.84
2021-02-27,36,46,,0.46,16.56
2021-02-28,43,31,FALSE,0.31,13.33
2021-03-01,100,31,,0.31,31
2021-03-02,85,31,,0.31,26.35
2021-03-03,76,31,,0.31,23.56
2021-03-04,77,31,,0.31,23.87
2021-03-05,75,31,,0.31,23.25
2021-03-06,66,31,,0.31,20.46
2021-03-07,67,29,FALSE,0.29,19.43
2021-03-08,74,29,,0.29,21.46
2021-03-09,84,29,,0.29,24.36
2021-03-10,83,29,,0.29,24.07
2021-03-11,75,29,,0.29,21.75
2021-03-12,77,29,,0.29,22.33
2021-03-13,97,29,,0.29,28.13
2021-03-14,91,30,FALSE,0.3,27.3
2021-03-15,98,30,,0.3,29.4
2021-03-16,89,30,,0.3,26.7
2021-03-17,79,30,,0.3,23.7
2021-03-18,78,30,,0.3,23.4
2021-03-19,68,30,,0.3,20.4
2021-03-20,61,30,,0.3,18.3
2021-03-21,60,27,FALSE,0.27,16.2
2021-03-22,70,27,,0.27,18.9
2021-03-23,69,27,,0.27,18.63
2021-03-24,77,27,,0.27,20.79
2021-03-25,86,27,,0.27,23.22
2021-03-26,69,27,,0.27,18.63
2021-03-27,65,27,,0.27,17.55
2021-03-28,58,26,FALSE,0.26,15.08
2021-03-29,65,26,,0.26,16.9
2021-03-30,66,26,,0.26,17.16
2021-03-31,68,26,,0.26,17.68
2021-04-01,73,26,,0.26,18.98
2021-04-02,45,26,,0.26,11.7
2021-04-03,40,26,,0.26,10.4
2021-04-04,39,22,FALSE,0.22,8.58
2021-04-05,42,22,,0.22,9.24
2021-04-06,42,22,,0.22,9.24
2021-04-07,41,22,,0.22,9.02
2021-04-08,39,22,,0.22,8.58
2021-04-09,37,22,,0.22,8.14
2021-04-10,41,22,,0.22,9.02
2021-04-11,41,32,FALSE,0.32,13.12
2021-04-12,42,32,,0.32,13.44
2021-04-13,64,32,,0.32,20.48
2021-04-14,80,32,,0.32,25.6
2021-04-15,61,32,,0.32,19.52
2021-04-16,84,32,,0.32,26.88
2021-04-17,54,32,,0.32,17.28
2021-04-18,98,39,FALSE,0.39,38.22
2021-04-19,84,39,,0.39,32.76
2021-04-20,67,39,,0.39,26.13
2021-04-21,53,39,,0.39,20.67
2021-04-22,60,39,,0.39,23.4
2021-04-23,100,39,,0.39,39
2021-04-24,60,39,,0.39,23.4
2021-04-25,52,27,FALSE,0.27,14.04
2021-04-26,65,27,,0.27,17.55
2021-04-27,56,27,,0.27,15.12
2021-04-28,48,27,,0.27,12.96
2021-04-29,44,27,,0.27,11.88
2021-04-30,42,27,,0.27,11.34
2021-05-01,23,27,,0.27,6.21
2021-05-02,21,26,FALSE,0.26,5.46
2021-05-03,24,26,,0.26,6.24
2021-05-04,27,26,,0.26,7.02
2021-05-05,27,26,,0.26,7.02
2021-05-06,25,26,,0.26,6.5
2021-05-07,23,26,,0.26,5.98
2021-05-08,25,26,,0.26,6.5
2021-05-09,26,36,FALSE,0.36,9.36
2021-05-10,27,36,,0.36,9.72
2021-05-11,25,36,,0.36,9
2021-05-12,29,36,,0.36,10.44
2021-05-13,75,36,,0.36,27
2021-05-14,40,36,,0.36,14.4
2021-05-15,28,36,,0.36,10.08
2021-05-16,31,54,FALSE,0.54,16.74
2021-05-17,56,54,,0.54,30.24
2021-05-18,38,54,,0.54,20.52
2021-05-19,100,54,,0.54,54
2021-05-20,72,54,,0.54,38.88
2021-05-21,57,54,,0.54,30.78
2021-05-22,44,54,,0.54,23.76
2021-05-23,58,37,FALSE,0.37,21.46
2021-05-24,57,37,,0.37,21.09
2021-05-25,41,37,,0.37,15.17
2021-05-26,31,37,,0.37,11.47
2021-05-27,26,37,,0.37,9.62
2021-05-28,28,37,,0.37,10.36
2021-05-29,27,37,,0.37,9.99
2021-05-30,26,25,FALSE,0.25,6.5
2021-05-31,26,25,,0.25,6.5
2021-06-01,55,25,,0.25,13.75
2021-06-02,51,25,,0.25,12.75
2021-06-03,49,25,,0.25,12.25
2021-06-04,61,25,,0.25,15.25
2021-06-05,54,25,,0.25,13.5
2021-06-06,55,29,FALSE,0.29,15.95
2021-06-07,56,29,,0.29,16.24
2021-06-08,96,29,,0.29,27.84
2021-06-09,78,29,,0.29,22.62
2021-06-10,63,29,,0.29,18.27
2021-06-11,54,29,,0.29,15.66
2021-06-12,46,29,,0.29,13.34
2021-06-13,48,22,FALSE,0.22,10.56
2021-06-14,59,22,,0.22,12.98
2021-06-15,50,22,,0.22,11
2021-06-16,47,22,,0.22,10.34
2021-06-17,45,22,,0.22,9.9
2021-06-18,46,22,,0.22,10.12
2021-06-19,40,22,,0.22,8.8
2021-06-20,44,26,FALSE,0.26,11.44
2021-06-21,64,26,,0.26,16.64
2021-06-22,100,26,,0.26,26
2021-06-23,60,26,,0.26,15.6
2021-06-24,50,26,,0.26,13
2021-06-25,49,26,,0.26,12.74
2021-06-26,46,26,,0.26,11.96
2021-06-27,46,19,FALSE,0.19,8.74
2021-06-28,49,19,,0.19,9.31
2021-06-29,47,19,,0.19,8.93
2021-06-30,41,19,,0.19,7.79
2021-07-01,54,19,,0.19,10.26
2021-07-02,53,19,,0.19,10.07
2021-07-03,53,19,,0.19,10.07
2021-07-04,51,16,FALSE,0.16,8.16
2021-07-05,58,16,,0.16,9.28
2021-07-06,54,16,,0.16,8.64
2021-07-07,49,16,,0.16,7.84
2021-07-08,57,16,,0.16,9.12
2021-07-09,52,16,,0.16,8.32
2021-07-10,45,16,,0.16,7.2
2021-07-11,46,16,FALSE,0.16,7.36
2021-07-12,51,16,,0.16,8.16
2021-07-13,51,16,,0.16,8.16
2021-07-14,51,16,,0.16,8.16
2021-07-15,49,16,,0.16,7.84
2021-07-16,52,16,,0.16,8.32
2021-07-17,46,16,,0.16,7.36
2021-07-18,45,18,FALSE,0.18,8.1
2021-07-19,59,18,,0.18,10.62
2021-07-20,72,18,,0.18,12.96
2021-07-21,64,18,,0.18,11.52
2021-07-22,59,18,,0.18,10.62
2021-07-23,49,18,,0.18,8.82
2021-07-24,49,18,,0.18,8.82
2021-07-25,51,20,FALSE,0.2,10.2
2021-07-26,100,20,,0.2,20
2021-07-27,71,20,,0.2,14.2
2021-07-28,65,20,,0.2,13
2021-07-29,58,20,,0.2,11.6
2021-07-30,56,20,,0.2,11.2
2021-07-31,56,20,,0.2,11.2
2021-08-01,83,17,FALSE,0.17,14.11
2021-08-02,84,17,,0.17,14.28
2021-08-03,77,17,,0.17,13.09
2021-08-04,78,17,,0.17,13.26
2021-08-05,80,17,,0.17,13.6
2021-08-06,92,17,,0.17,15.64
2021-08-07,90,17,,0.17,15.3
2021-08-08,89,19,FALSE,0.19,16.91
2021-08-09,100,19,,0.19,19
2021-08-10,97,19,,0.19,18.43
2021-08-11,96,19,,0.19,18.24
2021-08-12,93,19,,0.19,17.67
2021-08-13,92,19,,0.19,17.48
2021-08-14,84,19,,0.19,15.96
2021-08-15,76,16,FALSE,0.16,12.16
2021-08-16,88,16,,0.16,14.08
2021-08-17,82,16,,0.16,13.12
2021-08-18,78,16,,0.16,12.48
2021-08-19,74,16,,0.16,11.84
2021-08-20,82,16,,0.16,13.12
2021-08-21,81,16,,0.16,12.96
2021-08-22,73,16,FALSE,0.16,11.68
2021-08-23,98,16,,0.16,15.68
2021-08-24,85,16,,0.16,13.6
2021-08-25,77,16,,0.16,12.32
2021-08-26,78,16,,0.16,12.48
2021-08-27,74,16,,0.16,11.84
2021-08-28,68,16,,0.16,10.88
2021-08-29,65,14,FALSE,0.14,9.1
2021-08-30,66,14,,0.14,9.24
2021-08-31,73,14,,0.14,10.22
2021-09-01,48,14,,0.14,6.72
2021-09-02,55,14,,0.14,7.7
2021-09-03,59,14,,0.14,8.26
2021-09-04,50,14,,0.14,7
2021-09-05,52,20,FALSE,0.2,10.4
2021-09-06,60,20,,0.2,12
2021-09-07,100,20,,0.2,20
2021-09-08,85,20,,0.2,17
2021-09-09,67,20,,0.2,13.4
2021-09-10,62,20,,0.2,12.4
2021-09-11,51,20,,0.2,10.2
2021-09-12,48,15,FALSE,0.15,7.2
2021-09-13,56,15,,0.15,8.4
2021-09-14,52,15,,0.15,7.8
2021-09-15,57,15,,0.15,8.55
2021-09-16,51,15,,0.15,7.65
2021-09-17,49,15,,0.15,7.35
2021-09-18,42,15,,0.15,6.3
2021-09-19,40,19,FALSE,0.19,7.6
2021-09-20,69,19,,0.19,13.11
2021-09-21,71,19,,0.19,13.49
2021-09-22,59,19,,0.19,11.21
2021-09-23,55,19,,0.19,10.45
2021-09-24,84,19,,0.19,15.96
2021-09-25,61,19,,0.19,11.59
2021-09-26,47,15,FALSE,0.15,7.05
2021-09-27,49,15,,0.15,7.35
2021-09-28,53,15,,0.15,7.95
2021-09-29,49,15,,0.15,7.35
2021-09-30,53,15,,0.15,7.95
2021-10-01,48,15,,0.15,7.2
2021-10-02,38,15,,0.15,5.7
2021-10-03,37,18,FALSE,0.18,6.66
2021-10-04,41,18,,0.18,7.38
2021-10-05,51,18,,0.18,9.18
2021-10-06,61,18,,0.18,10.98
2021-10-07,55,18,,0.18,9.9
2021-10-08,48,18,,0.18,8.64
2021-10-09,42,18,,0.18,7.56
2021-10-10,44,21,FALSE,0.21,9.24
2021-10-11,53,21,,0.21,11.13
2021-10-12,51,21,,0.21,10.71
2021-10-13,48,21,,0.21,10.08
2021-10-14,51,21,,0.21,10.71
2021-10-15,74,21,,0.21,15.54
2021-10-16,64,21,,0.21,13.44
2021-10-17,55,28,FALSE,0.28,15.4
2021-10-18,65,28,,0.28,18.2
2021-10-19,82,28,,0.28,22.96
2021-10-20,100,28,,0.28,28
2021-10-21,85,28,,0.28,23.8
2021-10-22,66,28,,0.28,18.48
2021-10-23,54,28,,0.28,15.12
2021-10-24,51,24,FALSE,0.24,12.24
2021-10-25,58,24,,0.24,13.92
2021-10-26,81,24,,0.24,19.44
2021-10-27,72,24,,0.24,17.28
2021-10-28,63,24,,0.24,15.12
2021-10-29,59,24,,0.24,14.16
2021-10-30,52,24,,0.24,12.48
2021-10-31,49,19,FALSE,0.19,9.31
2021-11-01,76,19,,0.19,14.44
2021-11-02,80,19,,0.19,15.2
2021-11-03,74,19,,0.19,14.06
2021-11-04,75,19,,0.19,14.25
2021-11-05,74,19,,0.19,14.06
2021-11-06,68,19,,0.19,12.92
2021-11-07,64,22,FALSE,0.22,14.08
2021-11-08,90,22,,0.22,19.8
2021-11-09,100,22,,0.22,22
2021-11-10,95,22,,0.22,20.9
2021-11-11,82,22,,0.22,18.04
2021-11-12,77,22,,0.22,16.94
2021-11-13,73,22,,0.22,16.06
2021-11-14,72,21,FALSE,0.21,15.12
2021-11-15,77,21,,0.21,16.17
2021-11-16,90,21,,0.21,18.9
2021-11-17,85,21,,0.21,17.85
2021-11-18,88,21,,0.21,18.48
2021-11-19,87,21,,0.21,18.27
2021-11-20,76,21,,0.21,15.96
2021-11-21,68,19,FALSE,0.19,12.92
2021-11-22,77,19,,0.19,14.63
2021-11-23,79,19,,0.19,15.01
2021-11-24,75,19,,0.19,14.25
2021-11-25,69,19,,0.19,13.11
2021-11-26,89,19,,0.19,16.91
2021-11-27,74,19,,0.19,14.06
2021-11-28,70,21,FALSE,0.21,14.7
2021-11-29,72,21,,0.21,15.12
2021-11-30,77,21,,0.21,16.17
2021-12-01,43,21,,0.21,9.03
2021-12-02,40,21,,0.21,8.4
2021-12-03,43,21,,0.21,9.03
2021-12-04,100,21,,0.21,21
2021-12-05,67,23,FALSE,0.23,15.41
2021-12-06,60,23,,0.23,13.8
2021-12-07,53,23,,0.23,12.19
2021-12-08,47,23,,0.23,10.81
2021-12-09,48,23,,0.23,11.04
2021-12-10,46,23,,0.23,10.58
2021-12-11,42,23,,0.23,9.66
2021-12-12,40,19,FALSE,0.19,7.6
2021-12-13,51,19,,0.19,9.69
2021-12-14,54,19,,0.19,10.26
2021-12-15,50,19,,0.19,9.5
2021-12-16,45,19,,0.19,8.55
2021-12-17,45,19,,0.19,8.55
2021-12-18,41,19,,0.19,7.79
2021-12-19,35,18,FALSE,0.18,6.3
2021-12-20,43,18,,0.18,7.74
2021-12-21,43,18,,0.18,7.74
2021-12-22,43,18,,0.18,7.74
2021-12-23,42,18,,0.18,7.56
2021-12-24,44,18,,0.18,7.92
2021-12-25,41,18,,0.18,7.38
2021-12-26,36,16,FALSE,0.16,5.76
2021-12-27,40,16,,0.16,6.4
2021-12-28,44,16,,0.16,7.04
2021-12-29,42,16,,0.16,6.72
2021-12-30,40,16,,0.16,6.4
2021-12-31,36,16,,0.16,5.76
2022-01-01,32,16,,0.16,5.12
2022-01-02,34,20,FALSE,0.2,6.8
2022-01-03,38,20,,0.2,7.6
2022-01-04,39,20,,0.2,7.8
2022-01-05,41,20,,0.2,8.2
2022-01-06,58,20,,0.2,11.6
2022-01-07,57,20,,0.2,11.4
2022-01-08,51,20,,0.2,10.2
2022-01-09,47,19,FALSE,0.19,8.93
2022-01-10,50,19,,0.19,9.5
2022-01-11,48,19,,0.19,9.12
2022-01-12,43,19,,0.19,8.17
2022-01-13,42,19,,0.19,7.98
2022-01-14,40,19,,0.19,7.6
2022-01-15,33,19,,0.19,6.27
2022-01-16,33,22,FALSE,0.22,7.26
2022-01-17,39,22,,0.22,8.58
2022-01-18,41,22,,0.22,9.02
2022-01-19,37,22,,0.22,8.14
2022-01-20,38,22,,0.22,8.36
2022-01-21,77,22,,0.22,16.94
2022-01-22,94,22,,0.22,20.68
2022-01-23,64,29,FALSE,0.29,18.56
2022-01-24,100,29,,0.29,29
2022-01-25,69,29,,0.29,20.01
2022-01-26,57,29,,0.29,16.53
2022-01-27,56,29,,0.29,16.24
2022-01-28,53,29,,0.29,15.37
2022-01-29,45,29,,0.29,13.05
2022-01-30,43,19,FALSE,0.19,8.17
2022-01-31,45,19,,0.19,8.55